P,O
0,275
0,291
0,435
0,547
0,555
0,627
1,0
2,5
3,20
4,12
5,0
5,36
5,78
5,247
5,293
5,296
5,374
5,488
5,553
5,556
5,718
6,0
7,16
7,270
7,273
7,406
7,542
7,558
7,568
8,20
9,74
9,182
9,506
10,4
10,26
10,324
11,26
12,12
13,12
13,20
13,650
14,0
14,82
14,180
14,374
14,437
14,636
14,718
15,26
16,53
16,67
16,107
16,175
16,269
16,499
17,12
17,26
17,218
18,30
18,84
18,246
19,4
20,4
21,18
22,4
22,20
22,111
23,16
23,149
23,203
23,275
23,291
23,560
23,563
33,70
33,157
33,619
37,140
40,55
40,142
42,64
51,16
52,225
54,0
54,84
54,216
54,271
54,440
54,446
54,464
54,494
54,601
54,625
54,646
56,116
60,300
60,543
63,694
65,638
70,580
76,63
76,225
78,196
80,55
91,461
96,16
96,203
96,427
105,0
105,244
105,336
105,364
105,390
105,542
105,672
105,674
105,699
108,385
114,446
119,276
119,363
119,516
119,710
120,189
122,0
122,14
122,23
122,440
122,464
122,599
122,679
123,318
124,578
127,203
127,214
127,437
127,694
131,14
135,16
135,303
136,39
136,164
137,2
137,147
139,16
140,14
140,588
141,14
141,16
141,305
141,580
142,21
142,155
143,73
143,105
143,190
143,204
143,207
143,214
143,456
143,694
156,0
156,348
172,81
174,140
176,102
176,140
176,196
187,38
190,174
190,196
196,225
198,112
198,130
198,598
200,116
203,0
214,16
214,465
219,470
230,295
234,196
236,87
236,455
239,273
253,55
256,196
261,694
264,0
264,253
264,385
264,454
264,536
264,638
264,650
269,300
269,516
270,333
273,16
273,203
280,446
281,648
288,276
288,519
293,33
293,57
293,78
293,83
293,163
293,282
293,333
293,485
293,556
293,659
296,654
299,385
302,454
304,174
304,190
308,234
315,0
315,55
315,203
315,253
315,268
315,349
315,396
315,558
318,0
318,191
325,683
332,0
337,3
337,6
337,11
337,19
337,84
337,442
337,464
337,634
337,666
337,681
338,0
338,1
338,206
338,325
338,570
338,586
338,615
338,648
341,127
341,145
341,159
341,240
341,393
341,694
345,108
345,126
345,134
345,153
345,207
345,225
345,234
345,238
346,2
346,17
346,607
347,67
347,74
347,84
347,107
347,114
347,194
347,203
347,226
347,499
347,506
348,604
348,634
348,641
349,0
349,15
349,211
349,470
349,589
349,607
349,613
349,617
350,108
350,207
350,234
354,116
354,194
354,220
356,112
356,123
356,233
356,235
356,442
356,554
356,560
356,562
356,563
356,598
356,603
357,21
357,22
357,611
358,3
358,6
358,11
358,19
358,74
358,327
358,394
358,465
358,506
358,701
362,0
362,622
366,220
368,224
368,233
368,467
377,126
379,16
384,510
390,87
392,196
401,81
401,126
401,568
410,0
410,14
422,180
435,291
435,321
435,485
437,126
437,198
437,225
441,296
441,437
443,568
444,0
444,348
444,386
444,466
444,582
444,601
444,625
446,116
446,220
446,612
448,590
450,23
450,207
450,456
450,590
451,659
458,335
459,0
459,87
459,203
459,293
459,427
459,455
459,458
459,556
465,463
473,0
473,210
473,423
474,282
476,0
476,452
486,65
486,140
486,196
488,140
495,661
497,63
497,613
499,38
499,196
502,174
502,526
508,638
510,220
512,0
512,74
512,117
512,446
512,480
512,529
512,646
514,303
514,519
521,126
525,16
525,568
528,253
533,87
533,142
533,482
542,0
542,81
542,245
550,555
552,718
553,12
555,12
555,14
555,20
556,0
557,53
557,119
557,175
557,237
557,269
557,331
557,379
557,386
557,466
557,477
557,659
558,4
560,0
560,2
560,567
561,568
563,4
563,25
563,26
563,126
563,153
563,225
564,116
564,220
564,260
566,112
566,130
566,224
566,233
566,467
566,598
567,0
567,21
568,718
569,26
571,0
571,589
572,46
572,177
574,20
576,38
576,204
581,33
581,57
581,82
581,83
581,163
581,325
581,391
581,510
581,525
581,725
586,282
588,393
590,454
592,276
592,283
592,516
592,726
596,108
610,0
623,492
624,88
624,152
628,333
640,96
640,332
642,87
642,142
642,348
644,140
649,590
651,36
651,126
651,180
651,198
651,206
651,207
651,211
651,225
653,14
653,30
653,69
653,100
653,130
653,149
653,182
653,224
653,273
653,467
657,326
657,568
659,212
660,590
660,686
661,590
662,326
666,348
668,36
668,116
668,180
668,194
668,207
668,220
677,55
677,142
677,293
686,0
686,63
709,0
709,14
709,660
710,36
720,0
721,376
721,421
721,427
721,716
723,430
724,421
726,36
726,60
726,108
726,406
726,407
726,426
726,540
727,14
727,15
727,21
727,25
727,39
727,78
727,348
727,660
730,405
730,593
731,353
733,405
733,579
735,357
735,421
736,170
736,252
739,721
740,419
740,723
743,1
743,15
743,39
743,56
755,190
762,708
771,362
806,385
806,403
806,712
806,715
817,290
844,290
845,16
845,421
848,119
848,236
848,701
850,143
850,298
852,587
853,303
853,726
854,0
854,164
854,173
854,244
854,251
854,314
854,405
854,643
855,16
855,141
855,290
855,304
855,305
855,421
855,708
857,160
857,301
859,290
860,571
862,310
862,716
867,273
868,631
872,584
872,640
873,584
884,270
892,305
911,403
911,421
928,270
930,287
932,637
948,64
948,502
952,611
953,123
953,603
953,618
953,690
966,437
970,183
970,450
976,554
979,455
984,654
985,43
985,349
990,93
990,488
990,654
991,1
991,95
1001,207
1001,487
1007,361
1011,396
1014,532
1017,626
1019,628
1020,245
1023,30
1023,275
1023,517
1026,354
1027,30
1034,17
1034,348
1035,42
1035,71
1035,250
1035,348
1035,403
1035,511
1035,649
1037,403
1043,407
1045,22
1045,242
1058,656
1059,0
1059,37
1059,38
1059,427
1059,495
1059,542
1061,455
1062,0
1062,410
1067,368
1068,356
1068,432
1075,112
1076,0
1079,603
1080,403
1080,421
1080,426
1084,0
1084,88
1093,16
1104,492
1104,494
1104,546
1110,510
1111,427
1118,410
1118,617
1121,82
1128,450
1129,517
1137,168
1137,289
1137,296
1137,307
1137,455
1137,637
1137,712
1143,584
1146,452
1147,174
1159,91
1161,680
1164,101
1179,290
1179,377
1179,426
1179,521
1181,94
1181,615
1183,390
1184,351
1185,511
1186,1
1186,158
1187,72
1187,142
1187,195
1187,216
1187,531
1188,144
1189,367
1189,421
1191,158
1196,371
1197,232
1203,310
1203,349
1203,474
1212,37
1212,542
1212,550
1214,471
1223,461
1228,93
1233,126
1242,495
1251,205
1251,274
1251,403
1257,361
1257,403
1257,407
1257,448
1257,649
1257,722
1259,285
1262,326
1263,242
1272,37
1276,726
1281,726
1286,0
1286,45
1289,547
1293,708
1299,92
1299,272
1301,628
1308,144
1311,275
1320,56
1335,407
1345,426
1367,435
1370,540
1371,455
1371,682
1373,320
1373,680
1377,283
1382,45
1382,63
1384,553
1396,0
1400,0
1400,1
1400,405
1401,407
1403,474
1407,1
1407,2
1409,379
1417,722
1418,656
1421,179
1421,268
1421,669
1425,56
1425,403
1431,653
1443,660
1445,23
1445,212
1448,139
1450,364
1450,420
1451,649
1452,282
1452,555
1452,607
1453,307
1453,424
1454,0
1454,36
1454,38
1454,174
1454,180
1454,189
1454,403
1454,419
1455,161
1457,365
1457,425
1460,14
1460,203
1460,318
1460,372
1460,408
1460,417
1460,649
1462,322
1462,429
1470,210
1470,230
1470,449
1473,247
1477,0
1477,25
1484,203
1484,465
1484,481
1488,712
1493,712
1502,333
1502,348
1502,510
1506,38
1513,14
1513,660
1516,359
1526,430
1551,217
1558,442
1560,0
1560,53
1560,67
1560,108
1560,242
1560,269
1560,337
1560,499
1560,648
1563,151
1563,391
1564,427
1564,482
1565,53
1565,67
1565,107
1565,175
1565,269
1565,386
1565,399
1565,466
1565,471
1565,499
1568,0
1568,21
1568,152
1568,422
1568,470
1568,475
1568,485
1568,613
1569,16
1569,406
1569,427
1569,479
1571,151
1571,385
1572,0
1572,5
1572,151
1572,391
1572,393
1572,403
1572,421
1572,696
1575,0
1575,2
1575,157
1575,324
1575,459
1575,650
1576,0
1576,107
1576,121
1576,175
1576,234
1576,325
1576,609
1576,674
1576,680
1578,16
1578,144
1578,149
1578,381
1579,422
1579,470
1580,0
1580,18
1580,108
1580,234
1580,396
1580,421
1587,517
1588,268
1589,308
1589,550
1591,460
1592,584
1593,155
1598,253
1598,308
1598,316
1598,475
1598,532
1598,550
1598,558
1598,643
1604,151
1604,706
1607,635
1612,546
1617,696
1619,27
1619,54
1619,99
1619,171
1619,249
1619,489
1620,20
1620,33
1620,39
1620,57
1620,83
1620,163
1620,321
1620,343
1620,607
1620,696
1625,283
1625,303
1625,363
1625,543
1625,566
1630,427
1634,712
1642,316
1642,550
1643,482
1648,516
1649,246
1650,537
1652,269
1657,470
1660,291
1663,33
1663,57
1663,83
1663,163
1663,243
1663,486
1665,134
1665,430
1665,449
1669,680
1670,568
1672,154
1674,276
1674,283
1674,363
1674,519
1674,566
1679,13
1679,27
1679,54
1679,72
1679,216
1679,357
1679,454
1679,525
1679,618
1679,625
1679,690
1680,300
1680,303
1680,355
1680,566
1685,27
1685,54
1685,99
1685,171
1685,249
1685,489
1693,309
1694,12
1694,33
1694,57
1694,83
1694,163
1694,164
1694,458
1694,564
1694,610
1694,650
1696,349
1698,314
1698,431
1700,680
1706,343
1716,308
1716,316
1716,532
1719,335
1724,174
1724,259
1724,346
1730,0
1730,422
1731,427
1733,385
1734,374
1737,636
1739,331
1739,379
1739,386
1739,466
1739,659
1740,280
1740,286
1740,336
1740,343
1740,390
1740,599
1740,641
1740,653
1740,673
1740,677
1740,679
1741,0
1742,189
1742,194
1742,393
1745,374
1756,246
1756,291
1756,309
1757,359
1758,308
1760,246
1763,393
1764,45
1764,470
1775,361
1778,352
1781,372
1783,276
1783,300
1783,355
1783,363
1783,726
1785,93
1785,243
1785,277
1785,381
1785,386
1785,446
1785,466
1785,486
1785,488
1785,553
1785,648
1794,454
1803,147
1803,383
1804,467
1812,284
1812,293
1812,526
1812,695
1812,712
1812,713
1813,349
1816,309
1818,151
1820,344
1820,378
1832,0
1832,25
1832,348
1840,131
1840,191
1842,203
1851,18
1851,633
1853,371
1857,299
1857,411
1857,492
1857,540
1857,660
1860,5
1860,194
1860,367
1862,60
1862,91
1862,112
1862,233
1862,348
1862,377
1862,416
1862,534
1862,546
1862,598
1863,448
1868,609
1868,628
1870,351
1875,437
1877,548
1881,275
1881,435
1881,440
1881,464
1899,493
1903,354
1916,360
1922,8
1922,90
1922,99
1922,117
1922,171
1922,249
1922,274
1922,489
1922,634
1922,698
1923,611
1924,238
1928,283
1928,300
1928,303
1928,726
1930,33
1930,57
1930,83
1930,163
1930,243
1930,486
1933,141
1933,304
1938,317
1948,305
1949,132
1949,585
1950,584
1951,582
1970,291
1973,294
1994,333
1998,268
1998,460
2003,56
2003,243
2003,301
2003,331
2003,357
2003,379
2003,446
2003,486
2003,654
2004,454
2007,277
2009,276
2009,283
2009,303
2009,355
2009,710
2017,270
2017,271
2017,273
2017,279
2018,391
2019,144
2019,277
2019,282
2019,553
2019,556
2022,62
2022,277
2022,280
2022,282
2022,286
2022,297
2022,374
2022,504
2022,513
2027,30
2027,60
2027,91
2027,182
2027,246
2027,270
2027,273
2027,275
2027,291
2027,435
2027,492
2027,540
2027,546
2028,280
2028,286
2028,287
2028,295
2028,641
2033,85
2033,274
2033,285
2033,287
2033,295
2033,297
2033,374
2033,513
2033,542
2033,558
2033,633
2034,610
2036,281
2036,292
2036,554
2036,562
2036,569
2038,634
2075,14
2080,437
2091,481
2099,555
2102,456
2117,483
2130,162
2136,527
2137,351
2138,352
2139,0
2139,212
2139,247
2139,268
2139,430
2139,456
2139,633
2141,25
2141,326
2141,371
2141,424
2141,431
2141,515
2144,408
2145,149
2145,277
2145,381
2145,547
2145,627
2148,367
2150,348
2151,526
2152,418
2154,326
2155,420
2156,23
2156,628
2159,409
2163,637
2164,182
2173,175
2184,93
2185,427
2185,545
2190,90
2190,91
2190,117
2195,423
2200,488
2214,426
2215,155
2222,510
2231,337
2234,426
2234,516
2235,122
2241,91
2249,123
2252,337
2253,0
2256,426
2258,144
2258,192
2258,354
2258,426
2258,427
2258,517
2258,518
2259,0
2259,82
2259,449
2259,488
2259,514
2259,567
2260,430
2261,419
2264,213
2264,419
2264,535
2265,158
2265,430
2267,158
2267,473
2269,118
2269,406
2269,421
2269,426
2272,192
2272,518
2275,359
2275,539
2278,158
2279,357
2279,426
2279,525
2283,303
2284,53
2285,524
2285,550
2291,628
2293,30
2294,613
2297,305
2304,495
2310,93
2311,623
2320,487
2320,568
2330,396
2341,694
2349,455
2349,689
2352,426
2354,188
2354,348
2354,354
2354,426
2364,348
2365,649
2373,389
2389,437
2389,455
2402,321
2416,147
2422,290
2422,407
2426,550
2426,553
2426,582
2426,584
2448,188
2459,421
2460,0
2466,283
2468,0
2469,421
2471,49
2471,257
2474,240
2474,268
2477,130
2479,349
2485,452
2494,361
2495,116
2503,627
2509,537
2519,361
2537,689
2542,60
2542,72
2542,216
2542,540
2543,56
2544,352
2564,361
2566,56
2568,123
2568,377
2568,403
2568,426
2568,555
2568,603
2568,627
2569,21
2569,78
2569,351
2569,405
2574,93
2574,109
2574,510
2579,367
2583,283
2584,371
2585,2
2585,82
2585,488
2590,56
2590,222
2591,235
2591,547
2591,727
2592,76
2592,460
2592,500
2592,550
2592,553
2592,684
2592,712
2592,715
2594,220
2594,396
2598,539
2598,567
2599,334
2599,404
2601,469
2601,691
2608,550
2608,712
2610,68
2610,497
2615,335
2615,571
2619,614
2622,681
2622,689
2631,403
2632,39
2640,0
2640,631
2643,235
2644,60
2644,305
2644,547
2648,321
2654,542
2656,725
2657,221
2666,274
2666,426
2680,326
2681,660
2685,285
2685,597
2687,49
2687,257
2687,309
2687,389
2687,426
2687,517
2687,660
2695,245
2702,86
2702,266
2709,116
2711,89
2711,261
2711,308
2711,310
2711,472
2711,495
2711,532
2711,721
2712,220
2712,268
2714,468
2714,508
2721,224
2722,487
2733,127
2733,307
2743,537
2760,389
2761,158
2764,158
2765,317
2766,405
2766,611
2767,403
2769,314
2770,315
2772,158
2773,200
2776,231
2776,569
2776,618
2776,639
2776,690
2777,0
2777,78
2777,312
2777,428
2777,470
2777,474
2777,613
2778,199
2781,301
2783,144
2783,200
2783,309
2783,315
2783,389
2783,426
2788,305
2796,540
2797,303
2800,582
2800,680
2807,283
2807,303
2807,426
2815,164
2823,290
2823,407
2823,426
2833,421
2863,395
2863,622
2870,403
2870,582
2870,637
2871,584
2876,385
2879,572
2879,630
2895,25
2895,348
2896,419
2904,82
2904,333
2904,510
2905,1
2905,512
2910,333
2911,661
2920,81
2928,116
2931,0
2931,660
2946,60
2947,708
2952,189
2953,673
2955,172
2955,693
2959,212
2964,42
2965,25
2968,23
2977,546
2978,283
2978,516
2981,537
2983,516
2989,455
2989,458
3001,144
3011,33
3011,57
3011,83
3011,163
3011,243
3011,486
3012,10
3012,99
3012,171
3012,235
3012,249
3012,301
3012,489
3012,494
3012,601
3012,701
3016,275
3017,276
3017,283
3017,300
3017,566
3017,710
3021,613
3024,654
3025,199
3030,0
3030,39
3030,168
3030,324
3030,393
3030,454
3030,456
3030,558
3030,633
3030,638
3030,696
3036,276
3036,303
3040,325
3041,446
3044,16
3047,607
3062,584
3063,584
3067,126
3067,207
3074,426
3085,582
3085,637
3093,631
3096,151
3098,144
3099,589
3099,613
3103,153
3103,207
3106,203
3108,426
3108,427
3109,287
3109,295
3109,336
3109,338
3109,390
3109,599
3109,672
3109,673
3109,679
3109,699
3111,3
3111,6
3111,11
3111,19
3111,297
3111,513
3115,3
3115,6
3115,11
3115,19
3115,297
3115,513
3116,611
3117,123
3117,235
3117,603
3117,618
3117,690
3122,140
3122,142
3122,196
3128,293
3130,290
3133,661
3164,571
3174,189
3174,194
3176,14
3183,25
3185,189
3190,207
3190,214
3195,91
3198,220
3206,0
3212,354
3219,396
3222,618
3225,270
3226,721
3229,207
3229,225
3231,458
3234,273
3234,354
3234,435
3236,611
3237,685
3240,646
3242,220
3245,300
3245,363
3245,543
3245,566
3245,726
3254,76
3254,396
3256,27
3256,54
3256,111
3256,237
3256,252
3256,321
3256,477
3256,638
3256,705
3259,555
3268,399
3269,309
3270,45
3270,532
3276,532
3277,383
3286,402
3288,62
3288,333
3288,654
3292,18
3293,4
3294,336
3294,338
3294,390
3294,672
3294,673
3294,699
3295,85
3295,504
3296,5
3296,14
3296,194
3297,12
3299,374
3300,374
3302,20
3303,5
3303,207
3304,12
3304,21
3304,26
3304,325
3304,405
3304,648
3305,67
3305,107
3305,119
3305,237
3305,331
3305,379
3305,399
3305,471
3305,477
3305,499
3305,659
3306,26
3307,18
3307,25
3310,203
3311,2
3311,4
3311,20
3312,15
3312,362
3313,256
3313,687
3318,78
3318,325
3329,63
3330,354
3336,213
3336,376
3340,360
3341,16
3341,427
3343,0
3343,37
3343,164
3343,320
3343,337
3343,338
3343,628
3343,673
3343,728
3345,303
3345,355
3345,363
3345,519
3345,726
3354,691
3359,446
3360,123
3360,130
3360,224
3360,235
3360,442
3360,467
3360,560
3360,563
3360,603
3360,618
3360,690
3362,5
3362,151
3365,718
3366,485
3366,567
3366,588
3374,718
3376,119
3376,237
3376,399
3376,471
3376,477
3377,482
3381,18
3382,458
3383,144
3384,0
3385,674
3398,558
3399,521
3400,482
3403,492
3403,537
3403,555
3406,461
3407,426
3414,646
3415,324
3416,116
3419,89
3419,585
3420,516
3420,543
3424,482
3425,99
3425,119
3425,171
3425,218
3425,247
3425,249
3425,293
3425,391
3425,489
3425,548
3440,140
3440,142
3440,196
3440,253
3440,550
3440,558
3447,523
3456,144
3456,568
3462,539
3463,419
3465,24
3465,27
3465,54
3465,123
3465,285
3465,454
3465,597
3465,603
3465,702
3470,522
3474,33
3474,57
3474,83
3474,163
3474,243
3474,486
3479,283
3479,355
3479,516
3479,519
3479,710
3480,0
3503,303
3506,212
3507,336
3514,23
3514,203
3514,212
3517,198
3517,207
3520,14
3526,250
3535,162
3535,407
3551,348
3551,426
3551,712
3597,25
3600,385
3600,633
3603,182
3616,631
3620,182
3621,385
3636,403
3636,426
3661,168
3663,0
3663,162
3663,487
3667,296
3667,495
3677,0
3680,407
3681,15
3681,21
3686,0
3686,15
3691,421
3705,611
3720,439
3722,37
3722,308
3722,524
3722,532
3722,542
3722,550
3722,635
3722,691
3723,611
3723,661
3730,532
3730,550
3735,676
3736,309
3739,632
3740,38
3741,651
3748,495
3748,660
3757,496
3762,654
3765,204
3765,502
3765,657
3776,326
3776,407
3777,121
3783,649
3787,389
3790,205
3798,437
3807,81
3807,162
3811,437
3826,615
3843,16
3843,545
3843,564
3846,0
3846,70
3846,496
3858,421
3858,426
3861,470
3875,47
3877,563
3903,168
3903,481
3907,290
3907,452
3907,470
3909,296
3913,674
3924,93
3927,521
3935,290
3935,426
3937,351
3938,290
3939,16
3939,470
3943,160
3944,516
3946,16
3946,154
3946,290
3946,371
3946,522
3946,537
3948,367
3949,290
3951,148
3952,525
3954,358
3955,528
3956,0
3956,39
3956,48
3956,470
3956,535
3956,583
3956,613
3957,129
3957,237
3957,421
3957,441
3957,477
3959,523
3962,60
3977,75
3990,407
4000,22
4003,597
4006,94
4006,172
4006,326
4006,389
4006,621
4006,660
4007,17
4007,121
4007,660
4014,245
4014,308
4014,407
4017,517
4020,308
4025,426
4025,628
4025,660
4044,93
4044,308
4044,524
4044,532
4044,654
4044,660
4052,40
4058,495
4080,15
4080,158
4080,420
4086,90
4086,117
4086,142
4086,208
4086,302
4086,338
4086,403
4086,494
4086,672
4086,699
4087,133
4087,611
4089,158
4097,144
4099,71
4102,290
4102,321
4102,456
4102,696
4102,705
4103,426
4103,613
4105,0
4116,0
4119,277
4122,233
4123,383
4126,0
4126,168
4126,174
4126,296
4126,553
4126,637
4126,661
4130,407
4130,426
4134,244
4157,144
4157,613
4157,631
4161,682
4166,637
4170,66
4181,613
4184,681
4191,235
4197,96
4207,78
4217,564
4222,701
4228,722
4231,207
4231,694
4233,712
4240,187
4241,15
4241,77
4247,56
4247,648
4248,403
4249,31
4249,351
4254,1
4254,15
4254,93
4254,164
4254,244
4254,510
4255,389
4260,367
4263,360
4264,371
4264,389
4265,1
4265,2
4265,14
4265,25
4265,82
4265,164
4265,244
4265,488
4270,0
4271,91
4271,180
4271,234
4271,247
4271,337
4271,407
4271,492
4271,546
4271,569
4271,674
4272,550
4272,715
4273,56
4288,225
4288,532
4293,680
4320,628
4339,238
4339,451
4341,547
4341,601
4341,625
4341,627
4348,87
4348,550
4349,726
4352,308
4362,510
4367,708
4368,590
4369,590
4372,660
4373,724
4374,151
4374,212
4374,247
4374,633
4374,693
4374,694
4374,711
4376,203
4376,361
4376,568
4376,649
4376,722
4376,724
4377,728
4378,720
4380,590
4381,362
4382,364
4383,649
4385,205
4385,247
4387,25
4387,246
4387,270
4387,490
4387,594
4389,706
4392,546
4392,627
4392,708
4398,602
4400,283
4405,556
4407,245
4407,487
4408,705
4409,381
4411,536
4412,598
4421,587
4430,381
4431,705
4440,417
4445,203
4446,611
4447,27
4447,54
4447,99
4447,171
4447,249
4447,489
4449,157
4449,635
4449,661
4450,391
4458,283
4458,516
4458,543
4458,566
4458,710
4460,540
4463,26
4463,243
4463,244
4463,324
4463,456
4463,486
4463,521
4463,599
4463,646
4463,679
4463,705
4473,0
4473,72
4473,112
4473,121
4473,224
4473,279
4473,467
4473,598
4473,728
4480,16
4480,144
4480,568
4482,638
4483,482
4487,363
4487,519
4487,543
4487,710
4496,726
4513,151
4513,160
4516,427
4518,680
4520,568
4525,3
4525,6
4525,11
4525,19
4525,297
4525,513
4526,405
4526,567
4527,112
4527,130
4527,224
4527,233
4527,467
4527,554
4527,562
4527,598
4527,618
4527,690
4529,207
4529,696
4530,427
4531,343
4531,599
4531,653
4531,677
4531,679
4533,3
4533,6
4533,11
4533,19
4533,297
4533,513
4551,582
4551,584
4562,560
4571,266
4594,660
4624,628
4636,693
4636,713
4644,435
4646,677
4647,550
4647,556
4655,682
4658,16
4660,16
4660,25
4660,371
4660,537
4660,591
4660,708
4660,717
4661,25
4661,588
4661,728
4665,515
4665,713
4666,16
4666,516
4666,726
4667,367
4671,0
4671,23
4671,25
4671,616
4672,21
4672,366
4673,126
4673,135
4673,189
4673,225
4673,500
4673,720
4674,25
4677,573
4677,709
4678,244
4678,351
4679,2
4680,697
4681,442
4681,554
4681,560
4681,562
4681,563
4683,186
4683,271
4683,279
4683,297
4683,440
4683,513
4683,545
4683,554
4683,562
4683,564
4683,718
4684,478
4686,194
4686,271
4686,279
4686,544
4686,549
4691,442
4692,554
4692,560
4692,562
4692,563
4697,280
4697,286
4697,427
4697,557
4697,559
4700,28
4700,255
4700,297
4700,513
4700,548
4700,560
4700,561
4700,563
4700,718
4702,30
4702,60
4702,91
4702,182
4702,246
4702,270
4702,273
4702,492
4702,540
4702,546
4702,547
4702,555
4702,627
4705,452
4717,492
4721,193
4721,491
4727,482
4729,485
4734,650
4735,646
4736,547
4737,355
4737,519
4737,543
4737,566
4746,497
4746,572
4751,31
4751,99
4751,171
4751,180
4751,234
4751,249
4751,367
4751,485
4751,489
4751,521
4752,203
4752,427
4754,517
4759,363
4759,516
4759,519
4759,566
4759,726
4761,27
4761,54
4761,99
4761,171
4761,249
4761,489
4766,535
4770,4
4770,243
4770,351
4770,486
4770,545
4770,646
4770,653
4770,677
4770,681
4775,152
4799,562
4806,644
4814,627
4817,215
4825,371
4830,568
4832,203
4832,351
4834,590
4837,367
4838,331
4839,23
4839,590
4840,240
4841,0
4841,582
4841,660
4841,719
4843,293
4846,275
4846,377
4846,435
4846,521
4846,705
4847,127
4847,621
4848,722
4851,76
4851,183
4851,505
4852,140
4854,162
4854,550
4864,317
4865,73
4865,87
4865,165
4865,458
4865,497
4865,550
4865,556
4865,712
4873,134
4877,633
4884,561
4892,291
4898,548
4898,561
4912,694
4915,630
4916,348
4920,646
4924,722
4934,303
4934,355
4934,543
4934,710
4934,726
4936,27
4936,36
4936,54
4936,108
4936,170
4936,296
4936,399
4936,465
4936,471
4936,561
4936,638
4943,720
4945,587
4945,656
4948,140
4949,722
4950,45
4961,29
4961,55
4961,105
4961,308
4961,523
4961,532
4964,47
4964,89
4965,690
4966,655
4967,567
4968,333
4968,567
4968,654
4969,435
4969,442
4969,688
4972,9
4972,18
4972,126
4972,199
4972,213
4972,225
4972,572
4972,700
4974,280
4974,286
4974,287
4974,295
4974,338
4974,343
4974,641
4974,653
4974,672
4974,677
4974,699
4975,324
4975,567
4975,650
4976,14
4976,16
4976,694
4979,3
4979,6
4979,11
4979,19
4979,37
4979,222
4979,253
4979,381
4979,482
4979,607
4980,3
4980,6
4980,11
4980,19
4980,109
4980,168
4980,393
4980,458
4980,597
4980,641
4983,5
4983,7
4983,207
4983,391
4983,585
4983,684
4983,694
4983,696
4984,324
4984,325
4984,348
4984,405
4984,567
4984,648
4984,650
4984,660
4987,16
4987,25
4987,680
4990,30
4990,37
4990,168
4990,182
4990,246
4990,253
4990,337
4990,568
4990,569
4990,674
4991,349
4991,419
4991,430
4991,485
4991,607
4991,661
4998,55
5016,591
5016,717
5021,16
5021,144
5023,638
5025,617
5027,706
5034,300
5034,355
5034,516
5034,710
5034,726
5039,0
5039,90
5039,130
5039,233
5039,242
5039,313
5039,364
5039,453
5039,506
